PMT, p0, p1, p2, T1, T2, r1, r2, uncertainty_p0, uncertainty_p1, uncertainty_p2, uncertainty_T1, uncertainty_T2, uncertainty_r1, uncertainty_r2
332, 17.632706840179075, 66.29796630980174, 0.0384734827103987, 8.531690751363074, 8.156328893108075, 0.1705098229125792, 0.0209623884084945, 0.7551474154588483, 0.1154271278688744, 0.0012392693201734, 0.484698038655503, 1.3604547313937068, 0.021530954010589, 0.0133976736416461
334, 6.244179500623669, 66.86375384520956, 0.0546060448153312, 6.758858745604726, 6.104100274378225, 0.9999999999999966, 0.792611394395041, 1.573918089063889, 1.4538313980100934, 0.0107352091258283, 1.9217857916328152, 1.0999800767782313, 0.5583778019523974, 0.7509482350667928
335, 16.335879821061674, 66.57418076375623, 0.0401915371984135, 9.447138904612128, 9.047332617462043, 0.19513918442671, 0.1090454667396701, 0.7913096159114955, 0.1287135830714835, 0.0013045345616754, 0.4169428147169742, 0.2720650611049068, 0.021546246912261, 0.0161486762847682
336, 14.383511954753358, 66.3345096634602, 0.0402961636208563, 9.030202858813963, 8.12502775564912, 0.2018161494205744, 0.1099581127595617, 0.7312133475898853, 0.1505907674866848, 0.0015810733327726, 0.6038714965494124, 0.3897435593647128, 0.0284952802199744, 0.0213485284430556
338, 9.751203657255116, 66.09204333811005, 0.0417688718421429, 7.870905656037526, 7.48408716940295, 0.8793499987261487, 0.3813396934209984, 0.6291471368220871, 0.1842806521392485, 0.0017302975245936, 0.2386304454804918, 0.2398935612948264, 0.0695339006141688, 0.0506630520223418
339, 12.297137860654884, 66.25433439234966, 0.0410039389624383, 8.712815893450685, 9.078555383381486, 0.287588600092208, 0.1860505124675845, 0.9699956938398736, 0.2237270945022526, 0.0024822126317048, 0.7725603832311662, 0.5379861371461777, 0.0611103629288461, 0.0494593533475276
340, 13.236372335808973, 66.6125305674671, 0.0426244102502171, 9.341517097309929, 9.341753844982414, 0.2787903874544818, 0.1298472064798972, 0.9722414439332344, 0.197676827031285, 0.0020950128178821, 0.5415375345441487, 0.5358072131451369, 0.0395040903759332, 0.0343961868646554
341, 19.671767926618845, 66.57659829699266, 0.0392724761439105, 8.66492442594544, 7.823086748074368, 0.1733782616419335, 0.0251066508853136, 0.8609250064152121, 0.117863382297257, 0.0012647868135769, 0.4943269882416702, 1.105360575091787, 0.0199459893319272, 0.013031301380743
344, 9.9966261169188, 66.83203259416236, 0.0475387655585566, 9.999999999999998, 9.999999999999998, 0.5568739461561711, 0.3704837504252476, 1.3440211165749891, 0.4067668687592829, 0.0037469001550095, 0.686822433089298, 0.4803052332001855, 0.1007564220614612, 0.0882904496680431
347, 17.237522282606196, 66.88819719304713, 0.041863701801471, 7.054668116607341, 7.904142341113217, 0.2386773215632731, 0.0525338860923424, 1.0016354950146786, 0.2279784361981261, 0.0021616698215719, 0.7097112099875018, 0.8459998117959165, 0.0545083704982428, 0.0215464687425428
348, 19.330360090339248, 66.71209409634614, 0.0398160824347048, 8.850519058543316, 9.357958326080697, 0.1643832828586765, 0.0631286738890893, 1.0058583214126628, 0.1409381082663351, 0.0014471801848537, 0.4954874299763987, 0.3541299315363446, 0.0210955720887048, 0.0119934424997495
350, 17.581818730121814, 66.35257396383288, 0.0377811302317513, 8.025606980064513, 8.269585543189434, 0.1760648763418282, 0.0218941711135217, 0.7113485561683165, 0.1133665166176547, 0.0011715140850127, 0.4305406837270755, 0.9920706369778086, 0.0218838942244106, 0.0112577397647028
351, 17.968697556249516, 66.49379434035272, 0.038353667257625, 8.248946868488343, 8.393042550836476, 0.1998950360125174, 0.0480190428051857, 0.6668772888241798, 0.1016063371985616, 0.001039133238307, 0.3467360268021594, 0.4883627522018238, 0.0191650763118835, 0.0122342523899512
353, 7.538493076099391, 64.90405391519464, 0.033709862211958, 7.147215216338458, 7.387082838850287, 0.2740162858771454, 0.0279572647798352, 0.385700571206148, 0.144271104398858, 0.0019475881695673, 0.46593025700815, 2.0866025789857123, 0.0452298134623492, 0.0363609431824052
354, 17.811456970786526, 67.46145611134042, 0.0448806473551208, 8.364787449091981, 9.365560244850483, 0.2884148127179849, 0.0841552346104563, 1.0550132433996708, 0.1871692339128528, 0.0017231848649593, 0.3858520847309457, 0.3692117386846541, 0.0334737210055136, 0.015474857709283
355, 11.008456595647305, 67.4326306929489, 0.050884817029899, 9.098796385195598, 9.954330813147434, 0.271961217862843, 0.0785939358749361, 0.497947186364587, 0.1775190810225733, 0.0018378629024142, 0.4393889369072745, 0.5048889587521092, 0.0300373539886787, 0.015456706806295
356, 7.222169669173895, 64.82927570438534, 0.0336885254893203, 5.477878441268775, 6.11645809668838, 0.6708626866907901, 0.228504586592212, 0.7794206100102506, 0.2752763054391255, 0.0028554840604181, 0.4432948218230208, 0.379900322583812, 0.1587638363220333, 0.0617964250948202
357, 16.052340999522453, 67.59195146865241, 0.0478362324962531, 8.423939898474515, 9.679744483592314, 0.3385762716429146, 0.1258885254935619, 1.3041100698546326, 0.301250313783505, 0.002721837148742, 0.6109559889088122, 0.5623748577616114, 0.0658417876288726, 0.0310814628772648
360, 12.989523387362754, 67.43889722954187, 0.0490778437418347, 9.178232884799996, 9.999999999999998, 0.2838452583454555, 0.0790984645918084, 0.611297868773257, 0.1789603734389225, 0.0017966225547267, 0.440223444369138, 0.5150740343162961, 0.0318429640634362, 0.016963149224655
361, 8.665269493708617, 65.93073142054236, 0.042840414284325, 7.231554206885264, 8.066254495730977, 0.3790014311664916, 0.0992535434150057, 0.4885272621562819, 0.2107490991745452, 0.0022236758724122, 0.4650855006030973, 0.6161913327246105, 0.0573601149052389, 0.0302421086908893
362, 13.768712585467853, 67.07055597421603, 0.0449131424922541, 8.936971930873485, 9.999999999999998, 0.2326010821657525, 0.0740543299424001, 0.6790314900587769, 0.1498772863700954, 0.0014886953389836, 0.3868141133624188, 0.382477877499851, 0.0257055475135859, 0.0134160272462503
363, 14.37440551348584, 66.99281218787614, 0.0441690641032088, 8.162230183905065, 9.328589221880376, 0.2791999479399347, 0.071630276694176, 0.7955827329506822, 0.1743714143274772, 0.0017276221333635, 0.4042614793689724, 0.4629478891129285, 0.0350566328301072, 0.0151883879792555
364, 11.209341886338796, 67.5298345924113, 0.0505583268434526, 8.589305269459647, 9.361193322478924, 0.3083212753213922, 0.0652203603825681, 0.5024802349597685, 0.2071002609469198, 0.0020526916892498, 0.4983360964235795, 0.7692829232687812, 0.0419311772303984, 0.0197042258068616
365, 10.466342200724522, 67.01549260673573, 0.0490357604131224, 8.703495741380584, 9.5413216467255, 0.2901998987673181, 0.0695586495138962, 0.4811489426909944, 0.1889924442762473, 0.0019915926052866, 0.4574497254291375, 0.6446410926555026, 0.03496492394386, 0.0179338200887867
366, 8.238963208355255, 65.31371086437863, 0.037826453042094, 6.9440160033602645, 7.083326382024604, 0.3404063954596296, 0.0848594805349115, 0.4225362793625691, 0.165471263411407, 0.0018784814058399, 0.3947423550768326, 0.5990073974407618, 0.0396755579772224, 0.0270374337457129
367, 15.590110577851458, 67.71323639951157, 0.0499303580043938, 9.569860507704975, 9.961782123374968, 0.259066025176172, 0.076645581788324, 1.0366750521561905, 0.2398885247681743, 0.0023755444327906, 0.5713688395133727, 0.6511367515677503, 0.0395226297278499, 0.0203365371555942
368, 16.055617970932637, 67.6045562971837, 0.048645952971135, 8.668428731726522, 9.397754566149544, 0.3177199305298535, 0.0875385610776006, 0.8087785725388428, 0.1903535750972179, 0.001858743137012, 0.4110759187780123, 0.4443929993361959, 0.0377975861469125, 0.016091114671514
369, 8.235514483612029, 65.39845991622674, 0.0379919780567145, 5.195837313213686, 5.841392431189012, 0.4633905603219343, 0.218082652995764, 0.6753439039520601, 0.3058374607984611, 0.0027808731333128, 0.5093918536723553, 0.3062621394095709, 0.1260503074233654, 0.0513733019244091
370, 9.827913801926622, 66.0029553149226, 0.0408463267695314, 4.670733303673959, 5.530465872066271, 0.5330036879159584, 0.2881785488445582, 1.4064672968668608, 0.5336943438568987, 0.0038190146827619, 0.7204958564658008, 0.3638948806595114, 0.2616106607633683, 0.0898330223648199
371, 15.536924107906126, 67.31011301676995, 0.0460609945752772, 8.170689499542611, 8.776286477487787, 0.3358923530971972, 0.090995966096718, 0.8326839920806605, 0.1914391963734649, 0.0018055048426144, 0.3863461541721553, 0.4212820655693525, 0.0385778283500794, 0.0173991403126674
372, 20.265801207087076, 66.26643798500443, 0.037625758884311, 7.691365477704399, 7.934860337473662, 0.2062905507564349, 0.1099545604410246, 1.7323620620757134, 0.2165536486686666, 0.00208843117146, 0.6060900699060611, 0.3691399059204142, 0.040189979210692, 0.0216112090271472
373, 18.47144696591243, 66.10843510828055, 0.0368250562553195, 7.37889451927354, 7.926558542135284, 0.1780689923412876, 0.0992824526972676, 1.0386260204178026, 0.1465209405415157, 0.001423639726641, 0.4960782919123777, 0.2651544908150366, 0.0266197166251409, 0.0151614616280693
374, 18.733450625202543, 66.03714395896549, 0.0357466721532745, 6.821980748374166, 7.42455753358584, 0.2004897248381177, 0.0967446905983924, 1.3117159659263418, 0.181747766583614, 0.0018190688074595, 0.593356767971712, 0.349141087276101, 0.0431702972880477, 0.0196726485958993
375, 18.29964101164197, 65.99041546078678, 0.0360924681726434, 6.788350534514889, 6.9933261635974935, 0.1890352464355826, 0.0883206877550451, 1.2398531836790057, 0.1838388338187482, 0.0018043317084514, 0.5978804693061366, 0.3329718257885954, 0.0387644050824806, 0.0169542976112072
376, 18.27003660075122, 65.93388119788045, 0.0349124830899537, 6.324933649949538, 7.154945500990409, 0.2517633898831827, 0.1143958038629183, 1.2831597386108702, 0.1882514192308142, 0.0017213712270112, 0.4547619440641796, 0.2994235057762209, 0.0459274076706117, 0.0204626135754265
377, 18.025089963105607, 66.2495254397634, 0.0371680236705387, 7.892418019437722, 7.9585813233008444, 0.18547839075243, 0.0807544808460221, 1.3576058819403294, 0.1899875859611221, 0.0017963602647972, 0.5574188200868234, 0.3787728361010564, 0.0337894783102483, 0.0171747233015483
378, 17.988837317346352, 66.08187729182039, 0.0364098975116126, 6.894381296547095, 7.301397539820902, 0.1992731803776769, 0.0956253533013246, 1.2081798572278206, 0.1780396826276052, 0.0017803965463349, 0.5626408446382771, 0.3369999517809889, 0.0386051086745962, 0.0165434939462849
379, 20.150061349024423, 66.12219971271996, 0.0354310571855009, 7.556463930957178, 7.800476842506606, 0.1827394541072489, 0.0977410809330351, 1.3680134402197326, 0.1607127296254594, 0.0015689052717761, 0.4900479397949051, 0.3211921131107623, 0.0285689649645368, 0.0188502197470841
380, 19.20067503080077, 65.96608849830523, 0.0348164848817087, 6.751549684509847, 7.549526260525422, 0.1536762714722039, 0.0472637374182467, 0.8116528840617694, 0.1141492539432269, 0.00116861811166, 0.4411194763191918, 0.3812347749849946, 0.025121907803883, 0.0103321410468936
381, 17.373081367523614, 66.24625742254646, 0.0378614207286974, 7.058499878398702, 7.805230215675485, 0.2074217019099125, 0.1071282800626527, 1.2767576312163291, 0.212589811996142, 0.0020290076265826, 0.6642612060123632, 0.3525885463695034, 0.0463197718986886, 0.0208680968948524
382, 12.035449884160748, 66.9814753401914, 0.0495179853093072, 9.898642200418037, 9.78068460991484, 0.2455030398469793, 0.1076958517097385, 0.842790170414863, 0.2292453179005805, 0.0024749354189114, 0.6673103138889279, 0.589306878409522, 0.0360797354574715, 0.0254876370478119
383, 18.02803411091742, 65.99957975522472, 0.0359672818202815, 7.347588346388168, 7.888858554124166, 0.2282692590779507, 0.1407724686399679, 2.246573357275466, 0.2930788517603523, 0.0027350351938541, 0.7700762746189261, 0.3939793257977521, 0.0614681340090239, 0.03697267174153
384, 19.990891339914636, 66.19086992380423, 0.0366187702093468, 6.60064475992842, 7.56601411210285, 0.2066197181833559, 0.1057978101114609, 1.369998565897189, 0.1858096285376867, 0.0017348413420067, 0.5352162951737549, 0.2617819434580249, 0.0443216182342138, 0.0163303533071465
385, 18.523793279834774, 65.84651142599436, 0.0347846700196521, 7.292703282789168, 7.606764018496365, 0.1965404832383936, 0.1220467410511367, 2.744299821033251, 0.3331344789498712, 0.0033851060567715, 0.9950885779911394, 0.584952402765698, 0.063760657983406, 0.0446504329813765
386, 18.60813078253997, 66.44220816284506, 0.0383151837023559, 8.274618126653966, 8.426614152557534, 0.1678763159381521, 0.078361831913725, 1.1522268505782434, 0.157875213783133, 0.0015307984044686, 0.4988716476876331, 0.3457412788712151, 0.0239431179368511, 0.0142486353624733
387, 19.087542420808383, 66.34265501770679, 0.0372543218512557, 7.040460875801244, 8.002638250957755, 0.2141254324371979, 0.0927337706350476, 1.284275763968412, 0.1800076603860037, 0.0017178974034971, 0.4898801189806236, 0.2887890499133937, 0.0393065051725723, 0.0145920086530425
388, 16.976419363727093, 66.0691858132698, 0.0374432826384177, 7.1985994097835295, 7.501018713933011, 0.1802775935228593, 0.1045309384955463, 1.1414698962373522, 0.189256076969585, 0.0018847684596867, 0.6651225124034182, 0.3378953313385421, 0.0367934612419309, 0.0182629608387061
389, 20.69153184363912, 66.28230965465572, 0.0366506428225253, 7.009714867797686, 7.749748176725212, 0.196747081733372, 0.0917180855550247, 1.4397651841289492, 0.1776323801606303, 0.0016986888604135, 0.4911473343227802, 0.2976906425874857, 0.0343977488673439, 0.0160849546142348
390, 18.03377637885321, 65.8240219162157, 0.034961602117465, 7.347381343680425, 7.637657640041306, 0.1775624470186095, 0.0858068214605645, 1.0715748804066394, 0.1424415327868406, 0.0014155412609838, 0.4359149509248931, 0.3028991103590556, 0.0248284078502475, 0.0164627124929836
391, 16.446869331081242, 66.12979926977948, 0.0379419994523057, 7.181182541211345, 7.737013516212239, 0.188169166484076, 0.0892611930713792, 1.0828882227404226, 0.1801285397128989, 0.0018446786702973, 0.5544571989296538, 0.3474597031348681, 0.0365686292085394, 0.0162268388532557
392, 18.10037597973357, 66.13110631031017, 0.0369513369809789, 7.181066931323182, 7.597669687683862, 0.1855849996470122, 0.0888038209476141, 1.3108869397795335, 0.1960559898989754, 0.0019157971481176, 0.6198250315927314, 0.3853619860733604, 0.0394935834185836, 0.0193155083754942
393, 13.344087723685846, 67.45606401998405, 0.049870835424793, 9.999999999999998, 9.999999999999998, 0.2815096468682728, 0.1317198692181746, 1.3545824857083193, 0.3398645961074437, 0.0035168734288719, 0.9203430882736294, 0.702036292113671, 0.0604263414922221, 0.0395743195538015
394, 18.04499615797016, 66.07106350152456, 0.0356287648116866, 6.94235935989358, 7.640602466024577, 0.2169284547269049, 0.1049489436147138, 1.3320000854674368, 0.1909757685037246, 0.001846165068998, 0.5924378943153646, 0.3593180962357386, 0.042486284976235, 0.021792488018139
395, 22.343993034188436, 66.11378217453917, 0.0350021638642662, 7.376000768588432, 7.550235367490872, 0.2151184784793641, 0.0899018126299405, 1.696670091023725, 0.1781860799542669, 0.0016955259313657, 0.4958129017597347, 0.3012811840362435, 0.0362693058451072, 0.0158272495985619
396, 20.074373764845888, 66.35473559924681, 0.0371498495984742, 7.901628568055258, 7.942950347545157, 0.213036869473744, 0.0938528219108705, 1.369997194613913, 0.1686054439967259, 0.0016140387613863, 0.5057755114094593, 0.3471847000569977, 0.0332788667573514, 0.0197874051426945
397, 18.017248297954296, 66.26388213326209, 0.0372163875324126, 7.154100632326426, 8.026401541703738, 0.2384911542030233, 0.1242243662220605, 1.7315651819661615, 0.2511937675242071, 0.0023339527431467, 0.6659219381410408, 0.3367757308908989, 0.0577579342489495, 0.0242385394030055
398, 17.874340661390136, 66.14173415188586, 0.0366365596025424, 7.5141582372027695, 7.571126562390608, 0.1985528544549165, 0.0794684999890907, 1.1155494983032366, 0.1615435276086761, 0.0015543412293081, 0.4939204021857534, 0.327086003197535, 0.0300156034087383, 0.0149868305270727
399, 18.100116175043706, 66.2447253131607, 0.037214847573174, 7.000122915568567, 7.742729073427685, 0.197216497449456, 0.0890259153199279, 1.1289290287804823, 0.1706544601339197, 0.0016259040321865, 0.4987522726761511, 0.2707892717611858, 0.0349685079565119, 0.0125955622009156
400, 17.978471370849498, 65.92906169082572, 0.0353958179265019, 7.073426245698565, 7.517113415369374, 0.2163938193002606, 0.0813098440928878, 1.089101293609152, 0.1536550486652998, 0.0014708262064945, 0.4140766359703792, 0.3086966970653984, 0.0315613798649, 0.0154416612166465
401, 16.4515926075533, 66.48411294817637, 0.0396446400054277, 7.971354800785681, 8.066765765977078, 0.1962178443759243, 0.0914528188461402, 1.0997996313488425, 0.1951401765526543, 0.0018980453084609, 0.6702429272586333, 0.4375301375667652, 0.0374931755517815, 0.02033148631341
402, 16.84121714593208, 65.92289067125995, 0.0354751070569081, 6.880289728594354, 7.327388155076576, 0.2155751628975023, 0.0911933383003305, 0.9843306620465724, 0.1517245066526004, 0.0014919951585502, 0.4647133009122337, 0.2709353585209675, 0.0366352653257775, 0.0147032280697084
403, 14.440088464060794, 65.75462229559639, 0.0358399645575489, 7.192378457716725, 7.372907713010523, 0.2146072651567256, 0.0996959876557662, 0.9505201772174128, 0.169078659470966, 0.0017196657203796, 0.5140037477610624, 0.3628272550068788, 0.0386022124059726, 0.0211562237611297
404, 11.088498351485413, 67.65075400949662, 0.0538031197078811, 9.999999999999998, 9.999999999999998, 0.2751899388103498, 0.172956672107958, 1.295276808483277, 0.4594817762299013, 0.004648035613989, 1.2332447728157667, 0.6764967174511122, 0.0732487383612241, 0.0495624098581768
405, 8.841391133850305, 66.22175520396388, 0.0435373695959395, 7.349773567034183, 7.756711847442749, 0.3211131726274235, 0.1803268511455277, 0.6501942966146254, 0.2866537737821133, 0.0028640509950068, 0.6740589707544311, 0.3970773490903765, 0.0679234041859579, 0.0364547511944473
406, 17.984188875454638, 66.43931296078893, 0.0388031951030341, 7.679776801181958, 8.155260395469567, 0.2068254080408273, 0.1180313658362269, 1.765932045716578, 0.2602285783654933, 0.0025602021559334, 0.757136851188016, 0.4759856942968204, 0.0455822966261769, 0.0300367510429369
407, 18.999351783244308, 66.11863457905933, 0.03676376383198, 7.300133604259124, 7.907737709445272, 0.1746979700449212, 0.0860499753390008, 1.1952280056343163, 0.1622062017023773, 0.0016065201509089, 0.5108385427758231, 0.3465356199805556, 0.0298436605707311, 0.0166924562302714
409, 18.75485685154857, 66.08606189978964, 0.0358379680781415, 7.1837270728549925, 7.44225366104867, 0.2134782622713114, 0.0945303342295597, 1.4260884140861017, 0.1925430234214441, 0.001892361558028, 0.5127277642322433, 0.3536733683826122, 0.036556346185573, 0.0189401150191651
410, 16.86958144697393, 66.26817094942146, 0.0376131438619328, 6.808209435604554, 7.868441219560693, 0.2387969130855406, 0.1168526119171327, 1.4527877370732278, 0.2539731236023403, 0.00244855844744, 0.7561461624342373, 0.4456753637464599, 0.0634445006359198, 0.0312135073031314
411, 16.03974453728752, 65.86826762267665, 0.035710675303522, 6.556466247020019, 7.756976915833579, 0.2438999223848733, 0.1130114318371147, 0.9939515061505104, 0.1634237044308242, 0.0015917200655788, 0.4213552808280931, 0.2575274238070944, 0.0413234508732263, 0.017592846028183
412, 18.73468089354676, 65.8525864266488, 0.0355683511526484, 7.070978202725093, 7.66267825815321, 0.2034514127772492, 0.084354220004157, 1.1546446325467312, 0.1513512007595489, 0.0015077755681148, 0.4271728423001572, 0.2981863503737384, 0.0307904191437006, 0.0144229395726077
413, 19.091261597873693, 66.24084541673696, 0.0370946250482944, 7.517795429792926, 7.925008939428284, 0.1722666465599524, 0.092381588500136, 1.4014225539381793, 0.1962555069510597, 0.0019292771137502, 0.6996854378297949, 0.3717898547401424, 0.0378710683765004, 0.01899087352699
414, 20.18183630297641, 66.02304138191256, 0.034930391498557, 7.488876310797508, 7.734832100414675, 0.1947943088818413, 0.0865410032708088, 1.415621792217299, 0.1619893616855036, 0.0015848590877043, 0.495056587763702, 0.319698335967824, 0.0313571812826614, 0.0161071160080269
415, 16.541619062378373, 65.7872895015749, 0.0347470417937754, 6.978837775511089, 8.06247171890967, 0.2222153325026532, 0.0972712231876108, 0.8086310165895505, 0.1229549457941262, 0.001255793752718, 0.3760782002795822, 0.2421505154610825, 0.0300081539325176, 0.0144506434690715
417, 18.44891700978311, 65.9910753771153, 0.0342846028135367, 7.76990608790889, 8.41201854213202, 0.3061651485287902, 0.1140396161183128, 1.17746977707508, 0.1460529210091637, 0.001384447096262, 0.3382476437278993, 0.2805328345007857, 0.0345816642332338, 0.0197278765192085
418, 20.789177585513368, 65.9638696231725, 0.033803258903743, 8.153834151130688, 8.5496869065135, 0.2600622822340173, 0.0783336317470313, 0.801090418618431, 0.089926797962843, 0.0008553869566324, 0.2293466133491089, 0.2196531561393827, 0.0198480831420829, 0.0110987302680096
419, 16.736511851590315, 65.7704723944457, 0.0342444717447583, 7.745275162859688, 8.450251577276843, 0.2598808230607848, 0.0786207636349865, 0.5581733374254342, 0.0832504232240767, 0.0007884204160615, 0.208716291388075, 0.2152281549386959, 0.0177637896515609, 0.0116606677945402
420, 17.822321737523325, 65.445969110379, 0.0321217930476515, 8.083072120116062, 7.485415477090315, 0.6843770683240785, 0.3195479042031249, 1.3769214244885952, 0.1600133321908912, 0.0014284050114644, 0.2700999423263581, 0.1914797763097361, 0.0730765582989, 0.0391252362965674
421, 17.82643730933546, 66.13465632030736, 0.035814525820291, 8.213278460696639, 8.68893456840052, 0.2785125544562573, 0.0952527393766963, 1.0000603911650918, 0.1340848869628072, 0.0012795174760909, 0.3348547803629321, 0.3284797709668594, 0.0295073553905685, 0.0175011511759349
422, 17.91577124666585, 65.95819532301537, 0.0357071600363324, 7.903214820296334, 8.416820501285855, 0.2928099333910204, 0.1021009214216403, 1.0047690407111731, 0.1421874080746854, 0.001338491947369, 0.3394490741107951, 0.323805275452018, 0.0325535461179095, 0.0195581477853157
423, 18.55158557084763, 65.84168956996582, 0.0336290374346821, 7.984175084306698, 8.471677678781619, 0.270073529826404, 0.0939530228264841, 0.8486174413781306, 0.1044896523433728, 0.0009937213762696, 0.2519319532174325, 0.231356776572345, 0.0234932638664811, 0.0151920310322382
424, 18.63921611008957, 66.0282494079196, 0.0353953823695369, 8.107906476183398, 8.596681274482034, 0.3001986515903809, 0.1148093472566774, 1.250348369878415, 0.1617117713177545, 0.0015063928567932, 0.3776579825073297, 0.3562516336249461, 0.0383164944567268, 0.0255666481611007
425, 16.389248832447485, 66.08206191090864, 0.0360346177656464, 7.737283018998857, 8.3522937602886, 0.3638102031083075, 0.1378319397005677, 1.6948457673572113, 0.2368784025502378, 0.0022025594702507, 0.4788108013868365, 0.3445944804579985, 0.0617385376444288, 0.0280670040515909
426, 19.676408549677543, 65.6019741040735, 0.0320935264621533, 8.045569275791959, 8.261193852516683, 0.2092446426936531, 0.0843378189830445, 1.0561706590349569, 0.1261778977291271, 0.0012004207885413, 0.3688369671783133, 0.2913125798018823, 0.027092161290261, 0.0173444726615215
427, 18.931327713830598, 65.72046441709304, 0.0328857951294851, 8.38358366471532, 8.284176711815778, 0.2038443331332205, 0.0975119724184071, 0.7899064344799026, 0.0966000642632132, 0.0009430010991718, 0.2793010899289433, 0.2269185598610383, 0.0191086562594229, 0.0176587899464906
428, 16.74048871138697, 65.93072534617092, 0.0363023917053726, 7.897817334403786, 8.387625380761172, 0.3070305115172463, 0.0920980044489724, 0.8628640296974156, 0.1316597741588415, 0.0012373191438567, 0.2967750265421112, 0.2755662399441436, 0.0302466160090042, 0.0142690884888492
429, 18.60395056738597, 65.80293591432954, 0.0329687675543597, 8.361217179715945, 8.47008030662252, 0.229383190897102, 0.0916630463832661, 0.8387471513608692, 0.1025484486237376, 0.0009937035713919, 0.2772545546841503, 0.2705469464995127, 0.0216314485263755, 0.0158846903022361
430, 18.01501353412002, 66.23060957849347, 0.0364507654272159, 8.220695094159039, 8.775390744540426, 0.289226629323711, 0.1175522347079003, 1.6304590802052283, 0.220955013694321, 0.0020352321585428, 0.5013362200712546, 0.3723838259451199, 0.0490104018349032, 0.0275011263161908
432, 17.50310932710253, 65.81046577097354, 0.0345844742576821, 7.94062644945325, 8.483832297126815, 0.2873095312785791, 0.090199696490066, 0.8227433165779013, 0.1098181086994381, 0.0010902968507599, 0.2706055286267805, 0.2786378313003572, 0.0249250240647009, 0.015116726841983
433, 20.34139152083189, 65.61537246706635, 0.0318335911460926, 8.209073898280089, 8.154158929947496, 0.184936468778572, 0.0502758596090779, 0.8507955538360962, 0.0995229223780767, 0.0009872420477397, 0.316362223711494, 0.4384408033859829, 0.0198550564240856, 0.0154409959500234
434, 16.93680068907594, 65.96340732429614, 0.0349959384534805, 7.842666696584803, 8.359046609088988, 0.2902541470418494, 0.0951409046237551, 0.842341521857461, 0.1239265757102382, 0.0011682064754019, 0.2927515112513859, 0.2504492568775668, 0.028562187488646, 0.0147933040772646
435, 17.241847188146913, 65.9892589390205, 0.0360031295742339, 7.880617453168138, 8.385177958713683, 0.2920874196955246, 0.1075086598589666, 1.164447268531827, 0.1686141241035638, 0.0016065772856377, 0.4321725364139995, 0.3490527483398327, 0.0393122528274449, 0.0212657470683423
436, 21.261446244641316, 65.84254903624077, 0.0325829888822235, 8.723049208886982, 8.704078327282467, 0.2021549254471222, 0.0758684531215836, 0.8914967026871833, 0.0977470506009845, 0.0009372929729155, 0.2783268605616823, 0.3080094008806317, 0.0187587506392808, 0.0155422015543724
437, 22.346714811472623, 65.8437709925746, 0.0321506237785527, 8.286478837598548, 8.463155857017309, 0.2122235315361545, 0.0913359154784732, 1.185401652143224, 0.116782448685327, 0.0011069822228133, 0.323102653525161, 0.2873647470415573, 0.0227007799200302, 0.0184368409797442
438, 18.776101452568923, 66.09633293786318, 0.0347965073676038, 8.194402815951733, 8.876135618095876, 0.2646653499099968, 0.0900975679493296, 0.9766228670525342, 0.1248060728661552, 0.001154791764247, 0.3028136337136524, 0.2690204854328129, 0.0264783685322001, 0.0148964716306281
439, 18.634138723642234, 66.18084907084646, 0.0350889009574887, 8.057442027781082, 8.607749453648697, 0.2605364832589021, 0.0871154514122772, 1.0745143699097133, 0.1367715492501579, 0.0012864926486139, 0.3303056915202096, 0.2755243716651012, 0.0281644640593453, 0.0151013792297256
440, 19.52782256493223, 66.0510773177615, 0.0355230303065688, 8.122334923508763, 8.832968695264174, 0.2669774744745575, 0.0832092351568731, 0.8610970424254204, 0.1100153381809537, 0.0010879861812948, 0.270431304349643, 0.2764968006167488, 0.0228727693816378, 0.012986674056354
441, 17.522039353101, 66.25591244622052, 0.0369005039984421, 8.012610929181795, 8.550506375419344, 0.294807901222697, 0.1069542220273232, 1.3316693700246018, 0.1935556509410843, 0.0018029542176008, 0.4532096587458303, 0.363110083147787, 0.0435476083254565, 0.0224244108597689
442, 19.82417702271372, 65.64195425033728, 0.0321834587810454, 8.34991236918498, 8.415152429545298, 0.2104877536190419, 0.1022213322845603, 1.1253904215859043, 0.1225542997472593, 0.0012157248385016, 0.3791955434962882, 0.3743172752864463, 0.0264228825989434, 0.0245977659502914
443, 17.63017098277628, 65.83674204196093, 0.0342535656684394, 7.773766164335162, 8.573401421344306, 0.2769845488159174, 0.0952904466700415, 0.9348620335365484, 0.1237269087959292, 0.0011870092132544, 0.3094996083536473, 0.2811382048898285, 0.0298152876541073, 0.016404881110685
446, 19.015076751576427, 66.37461980978698, 0.036295734097135, 8.004179145184446, 8.488419825724657, 0.2764748090128431, 0.0788510204082238, 0.893430380698807, 0.1183059854928896, 0.0011145936582155, 0.2846302566989466, 0.2738612951470886, 0.0252652335062456, 0.0131215111574517
447, 18.024962359993005, 66.1203525344101, 0.034833596648156, 7.926579541604622, 8.448753872052244, 0.2916463678722938, 0.0797666433143335, 0.8681703337409233, 0.1120879817856488, 0.0010693388858398, 0.2594507816288838, 0.253643348872702, 0.0249488717716234, 0.0121191920886137
448, 21.229410789693503, 65.86958829929925, 0.0329611810699021, 8.486385133628673, 8.56142562240672, 0.2035053775593352, 0.0789764517803622, 1.0261216363608503, 0.1076851362782755, 0.0010547785624211, 0.3142421063177205, 0.2980255718589237, 0.0207276847276626, 0.0161827131168983
449, 19.36204538837964, 65.83115929187589, 0.0330160826253947, 8.285036241700993, 8.393143605453032, 0.2309219389151962, 0.086827790885734, 0.9085196940086974, 0.1018088683497137, 0.000964274046825, 0.2825709615773661, 0.2466787149573407, 0.0227731867985071, 0.0136402836241971
450, 15.605930224141211, 65.7262746628475, 0.0365130339275594, 9.27911272142386, 8.97112782240633, 0.3181293853785584, 0.3084125773926113, 1.4420689002609757, 0.2041582818049802, 0.0021147924526227, 0.5063844638679416, 0.2815362646048324, 0.0513824519396528, 0.0571438253845317
451, 17.892296774529324, 65.92977876948336, 0.0334040666481763, 8.18306123417763, 9.049839199837038, 0.2649877475923062, 0.1001244132073916, 0.7906046523803519, 0.0979924240890918, 0.0009227768376427, 0.2368062163066847, 0.227378339025932, 0.0215607607129154, 0.0167124027636894
452, 18.32973378538508, 66.09155847719119, 0.0356508529728413, 7.826116965642959, 8.256134206556512, 0.3106862245639852, 0.1129284944689638, 1.304766275110338, 0.1701524750653675, 0.0016171117034926, 0.3903720084444833, 0.3288745633653455, 0.0385925379973305, 0.0213854788682349
453, 20.62857804740957, 65.76027729656107, 0.033857546158771, 8.492309490800867, 8.612152333125582, 0.193826075349162, 0.0978461064872647, 1.0300459785284786, 0.1174820205497267, 0.001210047399669, 0.3390841675575817, 0.2794607731306164, 0.02123944337593, 0.0205531186984715
454, 18.66578105930316, 65.69283409314251, 0.0324265394534018, 8.340798954111703, 8.274189917993427, 0.1989739792863297, 0.067515862823484, 1.011444593547323, 0.1284391537398137, 0.0012249784137876, 0.3878277212452012, 0.4046428190587978, 0.0254083551720694, 0.0169926450163182
455, 20.864152263473716, 65.88070481069025, 0.0334423108504933, 8.307775718023986, 8.806212941796938, 0.2219791413073081, 0.0845146441681902, 1.2629369207527668, 0.1384193990412489, 0.0013411893988092, 0.3700314905022108, 0.3321642343456721, 0.0277409967329666, 0.0183921949054767
456, 24.04758277915513, 65.88902367573554, 0.03265420682809, 8.113147110547649, 8.285686062206084, 0.2057632940986345, 0.0816611742248908, 1.429430422822425, 0.1336346776109253, 0.0012649548465252, 0.3692014206487338, 0.3336590976834644, 0.0268653835485691, 0.0192432687414581
457, 19.35809115436198, 66.31342236286682, 0.0367615597943899, 7.805092390582593, 8.476311609675111, 0.3131835682000369, 0.1062387739915433, 1.343848578822216, 0.1714288488746951, 0.0015689597315431, 0.3846769049641692, 0.291011974542843, 0.0392335856240091, 0.018810602205966
458, 19.04410189843947, 66.1513604684099, 0.0358942855799551, 8.380945399861085, 8.940382669492662, 0.2698886308905548, 0.09269746519517, 0.8466125248970239, 0.1115465863327161, 0.0010272317084075, 0.2662552989499304, 0.2337500138267207, 0.0235177585996511, 0.0141074921940522
459, 18.78974591666449, 65.96462651578425, 0.0350990416778611, 7.961221812121976, 8.60373213249672, 0.266761349861109, 0.0851341625206457, 0.8767675996046631, 0.1114317573269102, 0.0010565716094747, 0.2570958316324297, 0.24117720547176, 0.022943195421895, 0.0119338821678387
460, 19.408156932454204, 65.93524288343467, 0.0348306099805193, 7.769343162341361, 8.612247046731538, 0.2813242136473392, 0.0839646550775433, 0.9504377039750032, 0.1184544330738325, 0.0011460882301083, 0.2922765249395898, 0.3371088567439712, 0.0272394973249799, 0.0181051599699306
461, 19.14861497338647, 65.98322539151883, 0.0344204930333032, 7.913375707504355, 8.552431833833296, 0.2690836655753879, 0.0789826685298888, 0.8898792621605811, 0.1021727722170374, 0.0009842870604487, 0.248464888813285, 0.21939734728445, 0.021869740948742, 0.0107428479404952
462, 17.765554552690684, 66.1204676707866, 0.0353908040663528, 7.935683813532619, 8.503602323675004, 0.3079883934577924, 0.1096055876883451, 1.4193121748104438, 0.1844954442209062, 0.0017146196244289, 0.4008483520720501, 0.3115322732295161, 0.0407052771851607, 0.0204828049381767
463, 19.16083120620851, 65.89760300409763, 0.0338505749224141, 8.019163343422518, 8.637498150193235, 0.2420626085004077, 0.0617444885717428, 0.7583045097495793, 0.0934682873505771, 0.0009009392559887, 0.2468982277841892, 0.3152915630889853, 0.0198917517496276, 0.0122472565898517
